Commodity,Total Trade,Export,Import
1,1560.010512,857.9098989,702.1006131
2,375.2479471,236.7376724,138.5102747
3,3571.593466,1814.165765,1757.427702
4,1344.57592,718.9155409,625.6603793
5,62.71688706,26.6279231,36.08896396
